<?xml version="1.0" encoding="utf-8"?>
<!-- Splash screen file, saved 10/1/2019 1:01:41 PM using CourseLab 190608 -->
<splash>
<settings>
<showsplash>yes</showsplash>
<fitwindow>no</fitwindow>
<fit_small_window>yes</fit_small_window>
</settings>
<data>
<![CDATA[<div style="position: absolute; left: 251px; top: 230px; width: 269px; height: 98px;"><div style="position: absolute; width: 269px; height: 98px; -webkit-touch-callout: none; -webkit-user-select: none; -khtml-user-select: none; -moz-user-select: none; -ms-user-select: none; user-select: none;" title="НАЧАТЬ" ><div id="EM1_TTL_BTN_BTN" style="cursor: pointer; position: relative; left: 0; top: 0; box-sizing: border-box; width: 269px; height: 98px; border-style: solid; border-width: 4px; border-color: #008000; -o-border-radius: 4px; -ms-border-radius: 4px; -moz-border-radius: 4px; -webkit-border-radius: 4px; border-radius: 4px;border-color: #008000; " onmouseover="this.setAttribute('style', this.getAttribute('data-style-over'));" onmouseout="this.setAttribute('style', this.getAttribute('data-style-idle'));" onclick="CL.Start(); return false;" data-style-idle="cursor: pointer; position: relative; left: 0; top: 0; box-sizing: border-box; width: 269px; height: 98px; border-style: solid; border-width: 4px; border-color: #008000; -o-border-radius: 4px; -ms-border-radius: 4px; -moz-border-radius: 4px; -webkit-border-radius: 4px; border-radius: 4px;border-color: #008000; " data-style-over="cursor: pointer; position: relative; left: 0; top: 0; box-sizing: border-box; width: 269px; height: 98px; border-style: solid; border-width: 4px; border-color: #008000; -o-border-radius: 4px; -ms-border-radius: 4px; -moz-border-radius: 4px; -webkit-border-radius: 4px; border-radius: 4px;border-color: #008000; "><div id="EM1_TTL_BTN_BTN_BG" style="position: relative; padding: 0; margin: 0; width: 261px; height: 90px; "><table id="EM1_TTL_BTN_BTN_TABLE" style="border-spacing: 0; width: 261px; height: 90px;"><tr><td id="EM1_TTL_BTN_BTN_TABLE_CONTENT" style="text-align: center; vertical-align: middle; padding: 0; text-shadow: ; width: 261px; height: 90px; font-family: robotomedium, Arial, Helvetica, sans-serif; font-size: 35px; color: #008000; ">НАЧАТЬ</td></tr></table></div></div></div></div><img src="images/android.png" style="position:absolute;left:532px;top:131px;width:82px;height:82px;"/><img src="images/android.png" style="position:absolute;left:149px;top:350px;width:82px;height:82px;"/><img src="images/android.png" style="position:absolute;left:153px;top:138px;width:82px;height:82px;"/><img src="images/android.png" style="position:absolute;left:538px;top:341px;width:82px;height:82px;"/><img src="images/android.png" style="position:absolute;left:346px;top:372px;width:82px;height:82px;"/><img src="images/android.png" style="position:absolute;left:348px;top:112px;width:82px;height:82px;"/>]]>
</data>
</splash>
