<?xml version="1.0" encoding="utf-8" standalone="no"?>
<!-- This is a SCORM 1.2 manifest file, created 10/1/2019 1:02:07 PM by ocumulas using CourseLab 190608 -->
<manifest xmlns="http://www.imsproject.org/xsd/imscp_rootv1p1p2" xmlns:adlcp="http://www.adlnet.org/xsd/adlcp_rootv1p2" xmlns:xsi="http://www.w3.org/2001/XMLSchema-instance" xsi:schemaLocation=" http://www.imsproject.org/xsd/imscp_rootv1p1p2 imscp_rootv1p1p2.xsd http://www.adlnet.org/xsd/adlcp_rootv1p2 adlcp_rootv1p2.xsd" identifier="MANIFEST-07E06596_48CB_4554_8C87_C570D152C286" version="1.0">
<metadata>
<schema>ADL SCORM</schema>
<schemaversion>1.2</schemaversion>
</metadata>
<organizations default="VKR-Kotlin-Skorobogatov">
<organization identifier="VKR-Kotlin-Skorobogatov">
<title>VKR Skorobogatov</title>
<item identifier="Module#1 (Kotlin)" identifierref="RES1" parameters="?width=750&amp;height=530">
<title>Kotlin</title>
</item>
</organization>
</organizations>
<resources>
<resource identifier="RESCOURSEIMAGES" adlcp:scormtype="asset" type="webcontent">
<file href="courseimages/1blank.gif"/>
<file href="courseimages/cl-fonts.css"/>
<file href="courseimages/cl.js"/>
<file href="courseimages/click1.mp3"/>
<file href="courseimages/click1.ogg"/>
<file href="courseimages/click1.swf"/>
<file href="courseimages/click2.mp3"/>
<file href="courseimages/click2.ogg"/>
<file href="courseimages/click2.swf"/>
<file href="courseimages/click3.mp3"/>
<file href="courseimages/click3.ogg"/>
<file href="courseimages/click3.swf"/>
<file href="courseimages/click4.mp3"/>
<file href="courseimages/click4.ogg"/>
<file href="courseimages/click4.swf"/>
<file href="courseimages/courselab.css"/>
<file href="courseimages/courselab.js"/>
<file href="courseimages/cursor_arrow.png"/>
<file href="courseimages/cursor_click.png"/>
<file href="courseimages/dummy.swf"/>
<file href="courseimages/failure1.mp3"/>
<file href="courseimages/failure1.ogg"/>
<file href="courseimages/failure1.swf"/>
<file href="courseimages/failure2.mp3"/>
<file href="courseimages/failure2.ogg"/>
<file href="courseimages/failure2.swf"/>
<file href="courseimages/failure3.mp3"/>
<file href="courseimages/failure3.ogg"/>
<file href="courseimages/failure3.swf"/>
<file href="courseimages/failure4.mp3"/>
<file href="courseimages/failure4.ogg"/>
<file href="courseimages/failure4.swf"/>
<file href="courseimages/jquery-ui.js"/>
<file href="courseimages/jquery.addons.js"/>
<file href="courseimages/jquery.js"/>
<file href="courseimages/legacy.js"/>
<file href="courseimages/lms.js"/>
<file href="courseimages/over1.mp3"/>
<file href="courseimages/over1.ogg"/>
<file href="courseimages/over1.swf"/>
<file href="courseimages/over2.mp3"/>
<file href="courseimages/over2.ogg"/>
<file href="courseimages/over2.swf"/>
<file href="courseimages/over3.mp3"/>
<file href="courseimages/over3.ogg"/>
<file href="courseimages/over3.swf"/>
<file href="courseimages/over4.mp3"/>
<file href="courseimages/over4.ogg"/>
<file href="courseimages/over4.swf"/>
<file href="courseimages/progress.gif"/>
<file href="courseimages/success1.mp3"/>
<file href="courseimages/success1.ogg"/>
<file href="courseimages/success1.swf"/>
<file href="courseimages/success2.mp3"/>
<file href="courseimages/success2.ogg"/>
<file href="courseimages/success2.swf"/>
<file href="courseimages/success3.mp3"/>
<file href="courseimages/success3.ogg"/>
<file href="courseimages/success3.swf"/>
<file href="courseimages/success4.mp3"/>
<file href="courseimages/success4.ogg"/>
<file href="courseimages/success4.swf"/>
<file href="courseimages/webfonts/Clear/clearsans_regular/ClearSans-Regular-webfont.eot"/>
<file href="courseimages/webfonts/Clear/clearsans_regular/ClearSans-Regular-webfont.svg"/>
<file href="courseimages/webfonts/Clear/clearsans_regular/ClearSans-Regular-webfont.ttf"/>
<file href="courseimages/webfonts/Clear/clearsans_regular/ClearSans-Regular-webfont.woff"/>
<file href="courseimages/webfonts/Clear_Font_Family_Apache_License.txt"/>
<file href="courseimages/webfonts/Roboto/roboto_black/Roboto-Black-webfont.eot"/>
<file href="courseimages/webfonts/Roboto/roboto_black/Roboto-Black-webfont.svg"/>
<file href="courseimages/webfonts/Roboto/roboto_black/Roboto-Black-webfont.ttf"/>
<file href="courseimages/webfonts/Roboto/roboto_black/Roboto-Black-webfont.woff"/>
<file href="courseimages/webfonts/Roboto/roboto_condensed/RobotoCondensed-Regular-webfont.eot"/>
<file href="courseimages/webfonts/Roboto/roboto_condensed/RobotoCondensed-Regular-webfont.svg"/>
<file href="courseimages/webfonts/Roboto/roboto_condensed/RobotoCondensed-Regular-webfont.ttf"/>
<file href="courseimages/webfonts/Roboto/roboto_condensed/RobotoCondensed-Regular-webfont.woff"/>
<file href="courseimages/webfonts/Roboto/roboto_medium/Roboto-Medium-webfont.eot"/>
<file href="courseimages/webfonts/Roboto/roboto_medium/Roboto-Medium-webfont.svg"/>
<file href="courseimages/webfonts/Roboto/roboto_medium/Roboto-Medium-webfont.ttf"/>
<file href="courseimages/webfonts/Roboto/roboto_medium/Roboto-Medium-webfont.woff"/>
<file href="courseimages/webfonts/Roboto/roboto_regular/Roboto-Regular-webfont.eot"/>
<file href="courseimages/webfonts/Roboto/roboto_regular/Roboto-Regular-webfont.svg"/>
<file href="courseimages/webfonts/Roboto/roboto_regular/Roboto-Regular-webfont.ttf"/>
<file href="courseimages/webfonts/Roboto/roboto_regular/Roboto-Regular-webfont.woff"/>
<file href="courseimages/webfonts/Roboto_Font_Family_Apache_License.txt"/>
</resource>
<resource identifier="RES1" adlcp:scormtype="sco" href="1/start.html" type="webcontent">
<file href="1/module.js"/>
<file href="1/start.html"/>
<file href="1/splash.xml"/>
<file href="1/runtime.xml"/>
<file href="1/images/01.png"/>
<file href="1/images/android-kotlin.gif"/>
<file href="1/images/android.png"/>
<file href="1/images/clip20190930_1.bmp"/>
<file href="1/images/clip20190930_5.bmp"/>
<file href="1/images/clip20190930_6.bmp"/>
<file href="1/images/course.css"/>
<file href="1/images/openned-scissors.png"/>
<file href="1/images/puzzle.png"/>
<file href="1/images/shield.png"/>
<file href="1/images/tools.png"/>
<file href="1/images/xSHAPE1.png"/>
<file href="1/images/xSHAPE2.png"/>
<file href="1/images/xSHAPE3.png"/>
<file href="1/images/xSHAPE4.png"/>
<file href="1/images/xSHAPE5.png"/>
<file href="1/images/xSHAPE6.png"/>
<file href="1/images/xSHAPE7.png"/>
<file href="1/images/xSHAPE8.png"/>
<file href="1/images/xSHAPE9.png"/>
<dependency identifierref="RESCOURSEIMAGES"/>
</resource>
</resources>
</manifest>